{
  "losses": [
    0.07019262098187777,
    0.07188609796552801,
    0.06770807714318511,
    0.06730351076653256,
    0.06920354989305813,
    0.07013966809565099,
    0.06490796534859355,
    0.07148891298016112,
    0.06368448866072611,
    0.06399251468217552,
    0.06259165337337322,
    0.05985006854761785,
    0.059466933485251575,
    0.05944337497404472,
    0.060836880650352594,
    0.05865836203397818,
    0.05944822002295873,
    0.05798685970018856,
    0.058923575746354144,
    0.0563003998904971
  ],
  "metrics": {
    "both": {
      "optimistic": {
        "adjusted_arithmetic_mean_rank": 0.9933333333333334,
        "adjusted_arithmetic_mean_rank_index": 0.008583690987124415,
        "adjusted_hits_at_k": 0.20315609561939496,
        "adjusted_inverse_harmonic_mean_rank": -0.005947019978589152,
        "arithmetic_mean_rank": 4.447761194029851,
        "count": 402.0,
        "geometric_mean_rank": 3.4719996334987386,
        "harmonic_mean_rank": 2.626183736047947,
        "hits_at_1": 0.15920398009950248,
        "hits_at_10": 0.9577114427860697,
        "hits_at_3": 0.4577114427860697,
        "hits_at_5": 0.6890547263681592,
        "inverse_arithmetic_mean_rank": 0.22483221476510068,
        "inverse_geometric_mean_rank": 0.2880184635826988,
        "inverse_harmonic_mean_rank": 0.3807806690269377,
        "inverse_median_rank": 0.25,
        "median_absolute_deviation": 2.965204437011204,
        "median_rank": 4.0,
        "standard_deviation": 2.9714240120503868,
        "variance": 8.829360659389618,
        "z_arithmetic_mean_rank": 0.24031260972120805,
        "z_hits_at_k": 1.0598275080416215,
        "z_inverse_harmonic_mean_rank": -0.2719655241324759
      },
      "pessimistic": {
        "adjusted_arithmetic_mean_rank": 0.9933333333333334,
        "adjusted_arithmetic_mean_rank_index": 0.008583690987124415,
        "adjusted_hits_at_k": 0.20315609561939496,
        "adjusted_inverse_harmonic_mean_rank": -0.005947019978589152,
        "arithmetic_mean_rank": 4.447761194029851,
        "count": 402.0,
        "geometric_mean_rank": 3.4719996334987386,
        "harmonic_mean_rank": 2.626183736047947,
        "hits_at_1": 0.15920398009950248,
        "hits_at_10": 0.9577114427860697,
        "hits_at_3": 0.4577114427860697,
        "hits_at_5": 0.6890547263681592,
        "inverse_arithmetic_mean_rank": 0.22483221476510068,
        "inverse_geometric_mean_rank": 0.2880184635826988,
        "inverse_harmonic_mean_rank": 0.3807806690269377,
        "inverse_median_rank": 0.25,
        "median_absolute_deviation": 2.965204437011204,
        "median_rank": 4.0,
        "standard_deviation": 2.9714240120503868,
        "variance": 8.829360659389618,
        "z_arithmetic_mean_rank": 0.24031260972120805,
        "z_hits_at_k": 1.0598275080416215,
        "z_inverse_harmonic_mean_rank": -0.2719655241324759
      },
      "realistic": {
        "adjusted_arithmetic_mean_rank": 0.9933333031336468,
        "adjusted_arithmetic_mean_rank_index": 0.008583729870841106,
        "adjusted_hits_at_k": 0.20315609561939496,
        "adjusted_inverse_harmonic_mean_rank": -0.005947019978589152,
        "arithmetic_mean_rank": 4.447761058807373,
        "count": 402.0,
        "geometric_mean_rank": 3.471999406814575,
        "harmonic_mean_rank": 2.6261838548956993,
        "hits_at_1": 0.15920398009950248,
        "hits_at_10": 0.9577114427860697,
        "hits_at_3": 0.4577114427860697,
        "hits_at_5": 0.6890547263681592,
        "inverse_arithmetic_mean_rank": 0.224832221865654,
        "inverse_geometric_mean_rank": 0.28801849484443665,
        "inverse_harmonic_mean_rank": 0.3807806690269377,
        "inverse_median_rank": 0.25,
        "median_absolute_deviation": 2.965204437011204,
        "median_rank": 4.0,
        "standard_deviation": 2.971423864364624,
        "variance": 8.829360008239746,
        "z_arithmetic_mean_rank": 0.2403136983260339,
        "z_hits_at_k": 1.0598275080416215,
        "z_inverse_harmonic_mean_rank": -0.2719655241324759
      }
    },
    "head": {
      "optimistic": {
        "adjusted_arithmetic_mean_rank": 1.0142775556824672,
        "adjusted_arithmetic_mean_rank_index": -0.018532246108228456,
        "adjusted_hits_at_k": -0.03841438496117533,
        "adjusted_inverse_harmonic_mean_rank": -0.011599078860158651,
        "arithmetic_mean_rank": 4.417910447761194,
        "count": 201.0,
        "geometric_mean_rank": 3.390769626418313,
        "harmonic_mean_rank": 2.5373691894457284,
        "hits_at_1": 0.17412935323383086,
        "hits_at_10": 0.945273631840796,
        "hits_at_3": 0.472636815920398,
        "hits_at_5": 0.6965174129353234,
        "inverse_arithmetic_mean_rank": 0.22635135135135134,
        "inverse_geometric_mean_rank": 0.29491829589623436,
        "inverse_harmonic_mean_rank": 0.3941089866463001,
        "inverse_median_rank": 0.25,
        "median_absolute_deviation": 2.965204437011204,
        "median_rank": 4.0,
        "standard_deviation": 3.0671551003969206,
        "variance": 9.407440409890844,
        "z_arithmetic_mean_rank": -0.3602066161399371,
        "z_hits_at_k": -0.1411598760513897,
        "z_inverse_harmonic_mean_rank": -0.366339301164345
      },
      "pessimistic": {
        "adjusted_arithmetic_mean_rank": 1.0142775556824672,
        "adjusted_arithmetic_mean_rank_index": -0.018532246108228456,
        "adjusted_hits_at_k": -0.03841438496117533,
        "adjusted_inverse_harmonic_mean_rank": -0.011599078860158651,
        "arithmetic_mean_rank": 4.417910447761194,
        "count": 201.0,
        "geometric_mean_rank": 3.390769626418313,
        "harmonic_mean_rank": 2.5373691894457284,
        "hits_at_1": 0.17412935323383086,
        "hits_at_10": 0.945273631840796,
        "hits_at_3": 0.472636815920398,
        "hits_at_5": 0.6965174129353234,
        "inverse_arithmetic_mean_rank": 0.22635135135135134,
        "inverse_geometric_mean_rank": 0.29491829589623436,
        "inverse_harmonic_mean_rank": 0.3941089866463001,
        "inverse_median_rank": 0.25,
        "median_absolute_deviation": 2.965204437011204,
        "median_rank": 4.0,
        "standard_deviation": 3.0671551003969206,
        "variance": 9.407440409890844,
        "z_arithmetic_mean_rank": -0.3602066161399371,
        "z_hits_at_k": -0.1411598760513897,
        "z_inverse_harmonic_mean_rank": -0.366339301164345
      },
      "realistic": {
        "adjusted_arithmetic_mean_rank": 1.0142775850933257,
        "adjusted_arithmetic_mean_rank_index": -0.018532284283478972,
        "adjusted_hits_at_k": -0.03841438496117533,
        "adjusted_inverse_harmonic_mean_rank": -0.011599078860158651,
        "arithmetic_mean_rank": 4.417910575866699,
        "count": 201.0,
        "geometric_mean_rank": 3.3907694816589355,
        "harmonic_mean_rank": 2.537369256072458,
        "hits_at_1": 0.17412935323383086,
        "hits_at_10": 0.945273631840796,
        "hits_at_3": 0.472636815920398,
        "hits_at_5": 0.6965174129353234,
        "inverse_arithmetic_mean_rank": 0.22635135054588318,
        "inverse_geometric_mean_rank": 0.2949182987213135,
        "inverse_harmonic_mean_rank": 0.3941089866463001,
        "inverse_median_rank": 0.25,
        "median_absolute_deviation": 2.965204437011204,
        "median_rank": 4.0,
        "standard_deviation": 3.067155122756958,
        "variance": 9.407441139221191,
        "z_arithmetic_mean_rank": -0.36020735814269855,
        "z_hits_at_k": -0.1411598760513897,
        "z_inverse_harmonic_mean_rank": -0.366339301164345
      }
    },
    "tail": {
      "optimistic": {
        "adjusted_arithmetic_mean_rank": 0.973499188750676,
        "adjusted_arithmetic_mean_rank_index": 0.03386316516931598,
        "adjusted_hits_at_k": 0.44139759110849397,