{
  "losses": [
    0.003549987754881707,
    0.002102934938959326,
    0.0011244810126620414,
    0.0005887233522682936,
    0.0003540460894213309,
    0.00025100782439691757,
    0.00019874856012322648,
    0.0001671652556652085,
    0.00015149146870216445,
    0.00013593069629523044,
    0.00012722488475546163,
    0.00011789109991501985,
    0.00011049045047787631,
    0.00010799159909910716,
    0.00010400609718260056,
    9.969809597695809e-05,
    9.419809019427258e-05,
    9.377274566664893e-05,
    8.857710021009866e-05,
    8.730429435651982e-05
  ],
  "metrics": {
    "both": {
      "optimistic": {
        "adjusted_arithmetic_mean_rank": 0.04445849054629508,
        "adjusted_arithmetic_mean_rank_index": 0.9556754387945267,
        "adjusted_hits_at_k": 0.30697934293775625,
        "adjusted_inverse_harmonic_mean_rank": 0.1653473863202741,
        "arithmetic_mean_rank": 317.2410705548488,
        "count": 40876.0,
        "geometric_mean_rank": 40.39896910708566,
        "harmonic_mean_rank": 6.026194767948435,
        "hits_at_1": 0.09494568940209414,
        "hits_at_10": 0.30746648400039145,
        "hits_at_3": 0.17670515706037773,
        "hits_at_5": 0.22739504843918193,
        "inverse_arithmetic_mean_rank": 0.00315217698090294,
        "inverse_geometric_mean_rank": 0.024753106876299173,
        "inverse_harmonic_mean_rank": 0.16594219710897948,
        "inverse_median_rank": 0.02564102564102564,
        "median_absolute_deviation": 54.856282084707274,
        "median_rank": 39.0,
        "standard_deviation": 773.1530113965019,
        "variance": 597765.5790314794,
        "z_arithmetic_mean_rank": 334.23171732614014,
        "z_hits_at_k": 2340.1138090974164,
        "z_inverse_harmonic_mean_rank": 3113.591337348598
      },
      "pessimistic": {
        "adjusted_arithmetic_mean_rank": 0.044458511116952266,
        "adjusted_arithmetic_mean_rank_index": 0.9556754182209862,
        "adjusted_hits_at_k": 0.30697934293775625,
        "adjusted_inverse_harmonic_mean_rank": 0.16534738548655742,
        "arithmetic_mean_rank": 317.24121734024857,
        "count": 40876.0,
        "geometric_mean_rank": 40.398978323045355,
        "harmonic_mean_rank": 6.026194798203298,
        "hits_at_1": 0.09494568940209414,
        "hits_at_10": 0.30746648400039145,
        "hits_at_3": 0.17670515706037773,
        "hits_at_5": 0.22739504843918193,
        "inverse_arithmetic_mean_rank": 0.0031521755224116314,
        "inverse_geometric_mean_rank": 0.024753101229531737,
        "inverse_harmonic_mean_rank": 0.16594219627585696,
        "inverse_median_rank": 0.02564102564102564,
        "median_absolute_deviation": 54.856282084707274,
        "median_rank": 39.0,
        "standard_deviation": 773.153482185956,
        "variance": 597766.3070162694,
        "z_arithmetic_mean_rank": 334.23171013088387,
        "z_hits_at_k": 2340.1138090974164,
        "z_inverse_harmonic_mean_rank": 3113.591321649209
      },
      "realistic": {
        "adjusted_arithmetic_mean_rank": 0.04445850166613479,
        "adjusted_arithmetic_mean_rank_index": 0.9556754276731284,
        "adjusted_hits_at_k": 0.30697934293775625,
        "adjusted_inverse_harmonic_mean_rank": 0.16534738590251216,
        "arithmetic_mean_rank": 317.24114990234375,
        "count": 40876.0,
        "geometric_mean_rank": 40.398990631103516,
        "harmonic_mean_rank": 6.026194357577989,
        "hits_at_1": 0.09494568940209414,
        "hits_at_10": 0.30746648400039145,
        "hits_at_3": 0.17670515706037773,
        "hits_at_5": 0.22739504843918193,
        "inverse_arithmetic_mean_rank": 0.003152176272124052,
        "inverse_geometric_mean_rank": 0.024753093719482422,
        "inverse_harmonic_mean_rank": 0.16594219669151528,
        "inverse_median_rank": 0.025641025975346565,
        "median_absolute_deviation": 54.856282084707274,
        "median_rank": 39.0,
        "standard_deviation": 773.1531982421875,
        "variance": 597765.875,
        "z_arithmetic_mean_rank": 334.2317134366146,
        "z_hits_at_k": 2340.1138090974164,
        "z_inverse_harmonic_mean_rank": 3113.5913294818884
      }
    },
    "head": {
      "optimistic": {
        "adjusted_arithmetic_mean_rank": 0.057620322957898915,
        "adjusted_arithmetic_mean_rank_index": 0.9425136207778865,
        "adjusted_hits_at_k": 0.2236353975493301,
        "adjusted_inverse_harmonic_mean_rank": 0.11038685406049577,
        "arithmetic_mean_rank": 405.4533711713475,
        "count": 20438.0,
        "geometric_mean_rank": 66.55398295611147,
        "harmonic_mean_rank": 9.006552816105701,
        "hits_at_1": 0.05362559937371563,
        "hits_at_10": 0.22419023387807027,
        "hits_at_3": 0.11380761326940014,
        "hits_at_5": 0.15622859379587042,
        "inverse_arithmetic_mean_rank": 0.0024663748561542798,
        "inverse_geometric_mean_rank": 0.015025396761895416,
        "inverse_harmonic_mean_rank": 0.11103027100577034,
        "inverse_median_rank": 0.0136986301369863,
        "median_absolute_deviation": 103.78215529539213,
        "median_rank": 73.0,
        "standard_deviation": 878.5499323385284,
        "variance": 771849.9836120328,
        "z_arithmetic_mean_rank": 232.83499275266976,
        "z_hits_at_k": 1195.5177176655563,
        "z_inverse_harmonic_mean_rank": 1457.7460908062214
      },
      "pessimistic": {
        "adjusted_arithmetic_mean_rank": 0.05762035772483202,
        "adjusted_arithmetic_mean_rank_index": 0.9425135860060118,
        "adjusted_hits_at_k": 0.2236353975493301,
        "adjusted_inverse_harmonic_mean_rank": 0.11038685239623038,
        "arithmetic_mean_rank": 405.4536158136804,
        "count": 20438.0,
        "geometric_mean_rank": 66.55401249058328,
        "harmonic_mean_rank": 9.006552951009931,
        "hits_at_1": 0.05362559937371563,
        "hits_at_10": 0.22419023387807027,
        "hits_at_3": 0.11380761326940014,
        "hits_at_5": 0.15622859379587042,
        "inverse_arithmetic_mean_rank": 0.0024663733679946604,
        "inverse_geometric_mean_rank": 0.015025390094120772,
        "inverse_harmonic_mean_rank": 0.11103026934270864,
        "inverse_median_rank": 0.0136986301369863,
        "median_absolute_deviation": 103.78215529539213,
        "median_rank": 73.0,
        "standard_deviation": 878.5505357216518,
        "variance": 771851.0438168015,
        "z_arithmetic_mean_rank": 232.83498416275762,
        "z_hits_at_k": 1195.5177176655563,
        "z_inverse_harmonic_mean_rank": 1457.7460688282752
      },
      "realistic": {
        "adjusted_arithmetic_mean_rank": 0.05762034001712307,
        "adjusted_arithmetic_mean_rank_index": 0.9425136037162376,
        "adjusted_hits_at_k": 0.2236353975493301,
        "adjusted_inverse_harmonic_mean_rank": 0.11038685322655606,
        "arithmetic_mean_rank": 405.4534912109375,
        "count": 20438.0,
        "geometric_mean_rank": 66.55401611328125,
        "harmonic_mean_rank": 9.006552270012655,
        "hits_at_1": 0.05362559937371563,
        "hits_at_10": 0.22419023387807027,
        "hits_at_3": 0.11380761326940014,
        "hits_at_5": 0.15622859379587042,
        "inverse_arithmetic_mean_rank": 0.0024663740769028664,
        "inverse_geometric_mean_rank": 0.01502538938075304,
        "inverse_harmonic_mean_rank": 0.11103027017243379,
        "inverse_median_rank": 0.013698630034923553,
        "median_absolute_deviation": 103.78215529539213,
        "median_rank": 73.0,
        "standard_deviation": 878.5502319335938,
        "variance": 771850.5,
        "z_arithmetic_mean_rank": 232.83498853782467,
        "z_hits_at_k": 1195.5177176655563,
        "z_inverse_harmonic_mean_rank": 1457.7460797933854
      }
    },