{
  "losses": [
    0.006428460080419952,
    0.006065038280870448,
    0.006308524228220609,
    0.006430162332165781,
    0.006347698182915923,
    0.006169941706873064,
    0.006129152286591841,
    0.005829786984764751,
    0.005702668098948109,
    0.0056323995392526215,
    0.005553789174736445,
    0.005610433505408129,
    0.005538390958728503,
    0.005571778545427562,
    0.005635091183173596,
    0.0053312227354576835,
    0.005330198973267522,
    0.0051443326712852745,
    0.005162969606006565,
    0.005208908837644299
  ],
  "metrics": {
    "both": {
      "optimistic": {
        "adjusted_arithmetic_mean_rank": 1.0238888888888888,
        "adjusted_arithmetic_mean_rank_index": -0.030758226037196135,
        "adjusted_hits_at_k": 0.5312682915408224,
        "adjusted_inverse_harmonic_mean_rank": -0.15932093898180427,
        "arithmetic_mean_rank": 4.58457711442786,
        "count": 402.0,
        "geometric_mean_rank": 3.986565806734041,
        "harmonic_mean_rank": 3.4919854602570592,
        "hits_at_1": 0.0,
        "hits_at_10": 0.9751243781094527,
        "hits_at_3": 0.417910447761194,
        "hits_at_5": 0.7014925373134329,
        "inverse_arithmetic_mean_rank": 0.2181226261530114,
        "inverse_geometric_mean_rank": 0.2508424665437145,
        "inverse_harmonic_mean_rank": 0.28637003543719963,
        "inverse_median_rank": 0.25,
        "median_absolute_deviation": 2.965204437011204,
        "median_rank": 4.0,
        "standard_deviation": 2.483590112325988,
        "variance": 6.168219846043415,
        "z_arithmetic_mean_rank": -0.86112018483432,
        "z_hits_at_k": 2.7715277152209694,
        "z_inverse_harmonic_mean_rank": -7.285968910725543
      },
      "pessimistic": {
        "adjusted_arithmetic_mean_rank": 1.0238888888888888,
        "adjusted_arithmetic_mean_rank_index": -0.030758226037196135,
        "adjusted_hits_at_k": 0.5312682915408224,
        "adjusted_inverse_harmonic_mean_rank": -0.15932093898180427,
        "arithmetic_mean_rank": 4.58457711442786,
        "count": 402.0,
        "geometric_mean_rank": 3.986565806734041,
        "harmonic_mean_rank": 3.4919854602570592,
        "hits_at_1": 0.0,
        "hits_at_10": 0.9751243781094527,
        "hits_at_3": 0.417910447761194,
        "hits_at_5": 0.7014925373134329,
        "inverse_arithmetic_mean_rank": 0.2181226261530114,
        "inverse_geometric_mean_rank": 0.2508424665437145,
        "inverse_harmonic_mean_rank": 0.28637003543719963,
        "inverse_median_rank": 0.25,
        "median_absolute_deviation": 2.965204437011204,
        "median_rank": 4.0,
        "standard_deviation": 2.483590112325988,
        "variance": 6.168219846043415,
        "z_arithmetic_mean_rank": -0.86112018483432,
        "z_hits_at_k": 2.7715277152209694,
        "z_inverse_harmonic_mean_rank": -7.285968910725543
      },
      "realistic": {
        "adjusted_arithmetic_mean_rank": 1.023888882001241,
        "adjusted_arithmetic_mean_rank_index": -0.030758217168979973,
        "adjusted_hits_at_k": 0.5312682915408224,
        "adjusted_inverse_harmonic_mean_rank": -0.15932093898180427,
        "arithmetic_mean_rank": 4.5845770835876465,
        "count": 402.0,
        "geometric_mean_rank": 3.9865658283233643,
        "harmonic_mean_rank": 3.4919853446605327,
        "hits_at_1": 0.0,
        "hits_at_10": 0.9751243781094527,
        "hits_at_3": 0.417910447761194,
        "hits_at_5": 0.7014925373134329,
        "inverse_arithmetic_mean_rank": 0.21812263131141663,
        "inverse_geometric_mean_rank": 0.25084245204925537,
        "inverse_harmonic_mean_rank": 0.28637003543719963,
        "inverse_median_rank": 0.25,
        "median_absolute_deviation": 2.965204437011204,
        "median_rank": 4.0,
        "standard_deviation": 2.4835901260375977,
        "variance": 6.168220043182373,
        "z_arithmetic_mean_rank": -0.8611199365560296,
        "z_hits_at_k": 2.7715277152209694,
        "z_inverse_harmonic_mean_rank": -7.285968910725543
      }
    },
    "head": {
      "optimistic": {
        "adjusted_arithmetic_mean_rank": 1.07824100513992,
        "adjusted_arithmetic_mean_rank_index": -0.10155670867309108,
        "adjusted_hits_at_k": 0.3391908459337962,
        "adjusted_inverse_harmonic_mean_rank": -0.19718981559049437,
        "arithmetic_mean_rank": 4.696517412935323,
        "count": 201.0,
        "geometric_mean_rank": 4.0577342096327715,
        "harmonic_mean_rank": 3.5341862953668635,
        "hits_at_1": 0.0,
        "hits_at_10": 0.9651741293532339,
        "hits_at_3": 0.39303482587064675,
        "hits_at_5": 0.6965174129353234,
        "inverse_arithmetic_mean_rank": 0.21292372881355934,
        "inverse_geometric_mean_rank": 0.24644295272619665,
        "inverse_harmonic_mean_rank": 0.28295056242817435,
        "inverse_median_rank": 0.25,
        "median_absolute_deviation": 2.965204437011204,
        "median_rank": 4.0,
        "standard_deviation": 2.6111962929934167,
        "variance": 6.818346080542562,
        "z_arithmetic_mean_rank": -1.9739322564468402,
        "z_hits_at_k": 1.2464116715176203,
        "z_inverse_harmonic_mean_rank": -6.227941038342003
      },
      "pessimistic": {
        "adjusted_arithmetic_mean_rank": 1.07824100513992,
        "adjusted_arithmetic_mean_rank_index": -0.10155670867309108,
        "adjusted_hits_at_k": 0.3391908459337962,
        "adjusted_inverse_harmonic_mean_rank": -0.19718981559049437,
        "arithmetic_mean_rank": 4.696517412935323,
        "count": 201.0,
        "geometric_mean_rank": 4.0577342096327715,
        "harmonic_mean_rank": 3.5341862953668635,
        "hits_at_1": 0.0,
        "hits_at_10": 0.9651741293532339,
        "hits_at_3": 0.39303482587064675,
        "hits_at_5": 0.6965174129353234,
        "inverse_arithmetic_mean_rank": 0.21292372881355934,
        "inverse_geometric_mean_rank": 0.24644295272619665,
        "inverse_harmonic_mean_rank": 0.28295056242817435,
        "inverse_median_rank": 0.25,
        "median_absolute_deviation": 2.965204437011204,
        "median_rank": 4.0,
        "standard_deviation": 2.6111962929934167,
        "variance": 6.818346080542562,
        "z_arithmetic_mean_rank": -1.9739322564468402,
        "z_hits_at_k": 1.2464116715176203,
        "z_inverse_harmonic_mean_rank": -6.227941038342003
      },
      "realistic": {
        "adjusted_arithmetic_mean_rank": 1.0782410176667672,
        "adjusted_arithmetic_mean_rank_index": -0.10155672493292012,
        "adjusted_hits_at_k": 0.3391908459337962,
        "adjusted_inverse_harmonic_mean_rank": -0.19718981559049437,
        "arithmetic_mean_rank": 4.696517467498779,
        "count": 201.0,
        "geometric_mean_rank": 4.05773401260376,
        "harmonic_mean_rank": 3.5341863521813637,
        "hits_at_1": 0.0,
        "hits_at_10": 0.9651741293532339,
        "hits_at_3": 0.39303482587064675,
        "hits_at_5": 0.6965174129353234,
        "inverse_arithmetic_mean_rank": 0.21292372047901154,
        "inverse_geometric_mean_rank": 0.24644295871257782,
        "inverse_harmonic_mean_rank": 0.28295056242817435,
        "inverse_median_rank": 0.25,
        "median_absolute_deviation": 2.965204437011204,
        "median_rank": 4.0,
        "standard_deviation": 2.611196279525757,
        "variance": 6.81834602355957,
        "z_arithmetic_mean_rank": -1.9739325724850545,
        "z_hits_at_k": 1.2464116715176203,
        "z_inverse_harmonic_mean_rank": -6.227941038342003
      }
    },
    "tail": {
      "optimistic": {
        "adjusted_arithmetic_mean_rank": 0.9724175229853976,
        "adjusted_arithmetic_mean_rank_index": 0.03524533517622652,
        "adjusted_hits_at_k": 0.7206987955542452,
        "adjusted_inverse_harmonic_mean_rank": -0.12344260134631391,